"고유번호","읍면동코드","읍면동명","읍면동영문명","위도","경도"
"76","11140108","수하동","Suha-dong","37.5674173","126.984642"
"84","11140102","다동","Da-dong","37.5678826","126.9811936"
"85","11230107","청량리동","Cheongnyangni-dong","37.5883148","127.0460899"
"86","11230110","이문동","Imun-dong","37.5994013","127.0624708"
"87","11260106","신내동","Sinnae-dong","37.6102524","127.1011551"
"88","11110156","종로3가","Jongno 3(sam)-ga","37.5703825","126.9923929"
"92","11110145","송현동","Songhyeon-dong","37.5770464","126.9819269"
"97","11215109","군자동","Gunja-dong","37.5532424","127.0734923"
"5","11170105","남영동","Namyeong-dong","37.5428503","126.9733899"
"8","11140110","수표동","Supyo-dong","37.5674664","126.9894371"
"9","11140164","무학동","Muhak-dong","37.5642292","127.0152228"
"101","11470101","신정동","Sinjeong-dong","37.5163358","126.8530247"
"10","11140106","남대문로1가","Namdaemunno 1(il)-ga","37.5675948","126.9831121"
"19","11650104","원지동","Wonji-dong","37.4449934","127.049594"
"20","11410102","충정로3가","Chungjeongno 3(sam)-ga","37.5622877","126.9621679"
"12","11110114","내자동","Naeja-dong","37.575276","126.971827"
"13","11110102","신교동","Singyo-dong","37.584442","126.9676997"
"15","11650103","우면동","Umyeon-dong","37.4660631","127.0178628"
"16","11170118","원효로4가","Wonhyoro 4(sa)-ga","37.532933","126.9506456"
"17","11140130","남산동3가","Namsan-dong 3(sam)-ga","37.5600001","126.9873836"
"1","11230104","전농동","Jeonnong-dong","37.5802851","127.0556709"
"2","11230109","휘경동","Hwigyeong-dong","37.5881848","127.0643272"
"3","11320107","창동","Chang-dong","37.6463131","127.04338"
"4","11140162","신당동","Sindang-dong","37.556819","127.0154305"
"6","11200102","하왕십리동","Hawangsimni-dong","37.5643661","127.0285933"
"7","11305101","미아동","Mia-dong","37.6219876","127.0235677"
"11","11140123","회현동3가","Hoehyeon-dong 3(sam)-ga","37.560059","126.9840941"
"14","11110123","서린동","Seorin-dong","37.569505","126.9803078"
"18","11140109","장교동","Janggyo-dong","37.5674834","126.9870578"
"23","11140144","장충동2가","Jangchung-dong 2(i)-ga","37.55526","127.0003341"
"25","11140141","주자동","Juja-dong","37.5606513","126.989397"
"27","11140101","무교동","Mugyo-dong","37.5680651","126.9788674"
"29","11215103","구의동","Guui-dong","37.5436014","127.0931657"
"30","11350103","공릉동","Gongneung-dong","37.6304774","127.0884816"
"31","11110153","돈의동","Donui-dong","37.5720312","126.9906468"
"44","11110125","중학동","Junghak-dong","37.575195","126.9799523"
"45","11110107","적선동","Jeokseon-dong","37.5752845","126.9739369"
"48","11110126","종로1가","Jongno 1(il)-ga","37.5706982","126.980334"
"55","11110116","도렴동","Doryeom-dong","37.5727248","126.9746762"
"56","11110142","소격동","Sogyeok-dong","37.5797855","126.981012"
"65","11410112","대현동","Daehyeon-dong","37.5613992","126.9453104"
"73","11650110","염곡동","Yeomgok-dong","37.4631455","127.0527369"
"36","11170111","청파동3가","Cheongpa-dong 3(sam)-ga","37.5433004","126.9666026"
"37","11260103","중화동","Junghwa-dong","37.600464","127.0784467"
"43","11410108","영천동","Yeongcheon-dong","37.5701581","126.9583199"
"38","11260104","묵동","Muk-dong","37.6125348","127.0803388"
"39","11260105","망우동","Mangu-dong","37.6003767","127.1056492"
"40","11410105","냉천동","Naengcheon-dong","37.5674955","126.9620152"
"41","11170117","원효로3가","Wonhyoro 3(sam)-ga","37.5343201","126.9577323"
"42","11650107","반포동","Banpo-dong","37.5045831","127.0021767"
"46","11110144","사간동","Sagan-dong","37.5772363","126.9805779"
"47","11410104","미근동","Migeun-dong","37.5635697","126.9673972"
"49","11410110","북아현동","Bugahyeon-dong","37.5636974","126.9549002"
"50","11410111","홍제동","Hongje-dong","37.5873266","126.94728"
"51","11170119","효창동","Hyochang-dong","37.543576","126.9607221"
"52","11650109","내곡동","Naegok-dong","37.4583407","127.0770851"
"21","11260101","면목동","Myeonmok-dong","37.5819253","127.0902095"
"22","11260102","상봉동","Sangbong-dong","37.6001601","127.0832212"
"24","11110124","수송동","Susong-dong","37.5738606","126.9805797"
"26","11170120","도원동","Dowon-dong","37.538784","126.9562609"
"28","11110104","효자동","Hyoja-dong","37.5827038","126.9718981"
"32","11110151","묘동","Myo-dong","37.5725522","126.9918438"
"33","11110121","신문로2가","Sinmunno 2(i)-ga","37.5710316","126.9692509"
"34","11650101","방배동","Bangbae-dong","37.4790075","126.9959104"
"35","11650102","양재동","Yangjae-dong","37.468455","127.0362466"
"59","11320108","도봉동","Dobong-dong","37.6852416","127.0298657"
"61","11140104","을지로1가","Euljiro 1(il)-ga","37.5659055","126.9805717"
"62","11170113","원효로2가","Wonhyoro 2(i)-ga","37.5363505","126.9634639"
"63","11170115","산천동","Sancheon-dong","37.5357089","126.9515061"
"64","11410109","현저동","Hyeonjeo-dong","37.5741171","126.9547307"
"70","11110168","동숭동","Dongsung-dong","37.58161","127.0051704"
"71","11170112","원효로1가","Wonhyoro 1(iI)-ga","37.5399032","126.9675517"
"72","11410106","천연동","Cheonyeon-dong","37.5678141","126.9597564"
"74","11110128","관훈동","Gwanhun-dong","37.5741579","126.9847959"
"75","11110129","견지동","Gyeonji-dong","37.5737344","126.9830947"
"77","11140115","남대문로2가","Namdaemunno 2(i)-ga","37.5638636","126.9820397"
"78","11110141","안국동","Anguk-dong","37.5774765","126.9838446"
"79","11140117","남대문로4가","Namdaemunno 4(sa)-ga","37.5606911","126.9755026"
"80","11140103","태평로1가","Taepyeongno 1(il)-ga","37.5675677","126.9773826"
"81","11650111","신원동","Sinwon-dong","37.4451504","127.0596521"
"66","11410101","충정로2가","Chungjeongno 2(i)-ga","37.5649689","126.9639845"
"67","11200108","응봉동","Eungbong-dong","37.5505366","127.0348586"
"68","11650106","잠원동","Jamwon-dong","37.5153035","127.0093893"
"69","11110146","가회동","Gahoe-dong","37.5828064","126.9848647"
"53","11170125","한강로2가","Hangangno 2(i)-ga","37.5312807","126.9686035"
"54","11170130","이태원동","Itaewon-dong","37.538862","126.9922782"
"60","11200118","송정동","Songjeong-dong","37.5541037","127.0621614"
"57","11170128","한강로3가","Hangangno 3(sam)-ga","37.5280446","126.9632299"
"58","11170129","이촌동","Ichon-dong","37.5188354","126.9651352"
"128","11170114","신창동","Sinchang-dong","37.5358397","126.9549627"
"134","11140107","삼각동","Samgak-dong","37.5679302","126.9847933"
"142","11140116","남대문로3가","Namdaemunno 3(sam)-ga","37.5616684","126.9794385"
"146","11110122","청진동","Cheongjin-dong","37.5715373","126.9802938"
"152","11110143","화동","Hwa-dong","37.5806863","126.9826101"
"162","11110171","명륜2가","Myeongnyun 2(i)-ga","37.5846181","126.9991752"
"170","11110106","통의동","Tongui-dong","37.5779984","126.9727225"
"174","11110157","인의동","Inui-dong","37.5726289","126.9980205"
"183","11110170","명륜1가","Myeongnyun 1(il)-ga","37.5889535","126.9974079"
"188","11140113","북창동","Bukchang-dong","37.5624854","126.9782509"
"100","11110133","익선동","Ikseon-dong","37.574232","126.9897103"
"103","11140122","회현동2가","Hoehyeon-dong 2(i)-ga","37.5585169","126.9827612"
"104","11200107","행당동","Haengdang-dong","37.5591737","127.0352497"
"203","11140157","산림동","Sallim-dong","37.5676122","126.9961709"
"105","11200109","금호동1가","Geumho-dong 1(il)-ga","37.5530419","127.0213783"
"106","11110148","계동","Gye-dong","37.5829045","126.9868772"
"109","11110154","장사동","Jangsa-dong","37.5692358","126.9942544"
"108","11140132","충무로4가","Chungmuro 4(sa)-ga","37.5623108","126.995975"
"110","11110158","예지동","Yeji -dong","37.5695052","126.9984621"
"111","11140131","저동1가","Jeo-dong 1(il)-ga","37.5642498","126.9878913"
"112","11140105","을지로2가","Euljiro 2(i)-ga","37.5657158","126.986263"
"82","11110130","와룡동","Waryong-dong","37.5809142","126.9927443"
"83","11305104","우이동","Ui-dong","37.6632405","126.9992181"
"89","11140120","봉래동2가","Bongnae-dong 2(i)-ga","37.5567475","126.9713413"
"90","11110152","봉익동","Bongik-dong","37.572373","126.9930161"
"91","11110108","통인동","Tongin-dong","37.5798178","126.9700651"
"93","11110105","창성동","Changseong-dong","37.580573","126.9723675"
"94","11140133","충무로5가","Chungmuro 5(o)-ga","37.5625808","126.9995908"
"95","11170134","주성동","Juseong-dong","37.5215716","127.0002868"
"96","11140159","초동","Cho-dong","37.564601","126.9923477"
"98","11440107","마포동","Mapo-dong","37.536882","126.943622"
"99","11110127","공평동","Gongpyeong-dong","37.5713261","126.9832335"
"102","11470102","목동","Mok-dong","37.5367323","126.8764165"
"107","11110138","종로2가","Jongno 2(i)-ga","37.5707645","126.9863062"
"118","11110120","신문로1가","Sinmunno 1(il)-ga","37.5703732","126.9740722"
"121","11200115","성수동2가","Seongsu-dong 2(i)-ga","37.5407489","127.0571063"
"122","11320106","방학동","Banghak-dong","37.6646494","127.0334847"
"123","11350102","월계동","Wolgye-dong","37.6295557","127.0562532"
"129","11140136","묵정동","Mukjeong-dong","37.5614488","127.0005452"
"130","11140149","을지로7가","Euljiro 7(chil)-ga","37.566416","127.0095181"
"131","11140156","입정동","Ipjeong-dong","37.5677264","126.992771"
"132","11140172","의주로2가","Uijuro 2(i)-ga","37.5606655","126.9695132"
"133","11140173","만리동1가","Malli-dong 1(il)-ga","37.5558883","126.9669832"
"135","11140150","을지로4가","Euljiro 4(sa)-ga","37.566393","126.9977069"
"136","11140167","정동","Jeong-dong","37.5661453","126.9733062"
"137","11110155","관수동","Gwansu-dong","37.5690609","126.9904495"
"138","11200101","상왕십리동","Sangwangsimni-dong","37.5684665","127.0255499"
"139","11170122","문배동","Munbae-dong","37.5371288","126.9690034"
"140","11170123","신계동","Singye-dong","37.535453","126.9646994"
"141","11170126","용산동3가","Yongsan-dong 3(sam)-ga","37.5321655","126.9762897"
"124","11110173","명륜3가","Myeongnyun 3(sam)-ga","37.5873096","126.9930707"
"125","11140170","충정로1가","Chungjeongno 1(il)-ga","37.5668791","126.9680884"
"126","11140119","봉래동1가","Bongnae-dong 1(il)-ga","37.5589096","126.9729614"
"127","11110101","청운동","Cheongun-dong","37.5890286","126.9685157"
"113","11140111","소공동","Sogong-dong","37.5638976","126.9799891"
"114","11170121","용문동","Yongmun-dong","37.5377219","126.9597098"
"115","11650108","서초동","Seocho-dong","37.4885178","127.0171248"
"119","11410103","합동","Hap-dong","37.5613616","126.9662486"
"116","11170124","한강로1가","Hangangno 1(il)-ga","37.5358426","126.9730991"
"117","11170132","동빙고동","Dongbinggo-dong","37.5235803","126.995177"
"120","11200114","성수동1가","Seongsu-dong 1(il)-ga","37.5431193","127.0416554"
"151","11170135","용산동6가","Yongsan-dong 6(yuk)-ga","37.5168611","126.9842128"
"153","11170136","보광동","Bogwang-dong","37.5268849","127.0017003"
"154","11140138","필동2가","Pildong 2(i)-ga","37.5577913","126.9949767"
"155","11140139","필동3가","Pil-dong 3(sam)-ga","37.5577553","126.9973738"
"156","11140142","예장동","Yejang-dong","37.5551793","126.9897761"
"157","11200105","마장동","Majang-dong","37.5670762","127.0407445"
"158","11110161","종로4가","Jongno 4(sa)-ga","37.5706899","126.9979792"
"159","11305102","번동","Beon-dong","37.6292269","127.036379"
"160","11140125","충무로2가","Chungmuro 2(i)-ga","37.5617555","126.9877459"
"161","11140126","명동1가","Myeong-dong 1(il)-ga","37.5644525","126.9844713"
"163","11110176","교남동","Gyonam-dong","37.5684349","126.9644739"
"164","11110135","관철동","Gwancheol-dong","37.5691978","126.9859065"
"165","11110136","인사동","Insa-dong","37.5720605","126.9859554"
"166","11110137","낙원동","Nagwon-dong","37.5725546","126.9886246"
"167","11140124","충무로1가","Chungmuro 1(il)-ga","37.5610267","126.9826398"
"143","11140118","남대문로5가","Namdaemunno 5(o)-ga","37.5563671","126.9763016"
"144","11320105","쌍문동","Ssangmun-dong","37.6525541","127.0273717"
"145","11200113","옥수동","Oksu-dong","37.5420259","127.0219996"
"147","11110140","삼청동","Samcheong-dong","37.5898785","126.9813798"
"148","11140121","회현동1가","Hoehyeon-dong 1(il)-ga","37.5571575","126.9816994"
"149","11140161","저동2가","Jeo-dong 2(i)-ga","37.5643088","126.9899006"
"150","11170131","한남동","Hannam-dong","37.5374384","127.0060971"
"178","11140135","예관동","Yegwan-dong","37.5640814","126.9980377"
"179","11110174","창신동","Changsin-dong","37.5760033","127.0135246"
"180","11200122","용답동","Yongdap-dong","37.5624296","127.0550851"
"181","11215105","자양동","Jayang-dong","37.5323755","127.0744811"
"182","11110175","숭인동","Sungin-dong","37.5766752","127.0190652"
"184","11560122","문래동4가","Mullae-dong 4(sa)-ga","37.5144685","126.8901537"
"191","11110139","팔판동","Palpan-dong","37.5827295","126.9805795"
"192","11200110","금호동2가","Geumho-dong 2(i)-ga","37.5525166","127.0217884"
"193","11110149","원서동","Wonseo-dong","37.5841834","126.9880867"
"194","11140114","태평로2가","Taepyeongno 2(i)-ga","37.5632359","126.9764068"
"195","11110103","궁정동","Gungjeong-dong","37.5849071","126.9724095"
"196","11110182","구기동","Gugi-dong","37.6179518","126.9621624"
"197","11110183","평창동","Pyeongchang-dong","37.6139675","126.9743016"
"204","11110117","당주동","Dangju-dong","37.5715788","126.9738252"
"185","11140128","남산동1가","Namsan-dong 1(il)-ga","37.5591789","126.9847188"
"186","11200112","금호동4가","Geumho-dong 4(sa)-ga","37.5452026","127.0229976"
"187","11140112","남창동","Namchang-dong","37.5580671","126.9775968"
"189","11170127","용산동5가","Yongsan-dong 5(o)-ga","37.5256032","126.9740049"
"190","11110132","운니동","Unni-dong","37.576392","126.9883159"
"168","11140127","명동2가","Myeong-dong 2(i)-ga","37.5630105","126.9852881"
"169","11140134","인현동2가","Inhyeon-dong 2(i)-ga","37.5641432","126.9962711"
"171","11110115","사직동","Sajik-dong","37.5753838","126.9658263"
"172","11110169","혜화동","Hyehwa-dong","37.587822","127.0023228"
"173","11110150","훈정동","Hunjeong-dong","37.5742191","126.9940707"
"175","11110131","권농동","Gwonnong-dong","37.576109","126.9917564"
"176","11110134","경운동","Gyeongun-dong","37.5752459","126.9864008"
"177","11140129","남산동2가","Namsan-dong 2(i)-ga","37.5583248","126.9858848"
"199","11170101","후암동","Huam-dong","37.5503851","126.9805049"
"201","11170102","용산동2가","yongsan-dong  2(i)-ga","37.5430767","126.9858631"
"205","11140140","남학동","Namhak-dong","37.5605244","126.9909105"
"202","11230102","용두동","Yongdu-dong","37.5762335","127.0348716"
"206","11200111","금호동3가","Geumho-dong 3(sam)-ga","37.5499287","127.0195552"
"207","11140152","주교동","Jugyo-dong","37.5682735","126.998942"
"208","11440105","용강동","Yonggang-dong","37.5412882","126.9404514"
"209","11440112","현석동","Hyeonseok-dong","37.5422601","126.9345406"
"210","11110178","송월동","Songwol-dong","37.5701811","126.9653066"
"212","11140158","충무로3가","Chungmuro 3(sam)-ga","37.5622482","126.9919612"
"214","11110118","내수동","Naesu-dong","37.5733668","126.9721015"
"217","11230106","장안동","Jangan-dong","37.5711171","127.0674265"
"218","11215101","중곡동","Junggok-dong","37.5630636","127.0883253"
"219","11215102","능동","Neung-dong","37.5511328","127.0818921"
"220","11350105","상계동","Sanggye-dong","37.6664734","127.0723253"
"222","11230105","답십리동","Dapsipni-dong","37.5699332","127.0551216"
"198","11140171","중림동","Jungnim-dong","37.5591646","126.9655627"
"211","11110172","명륜4가","Myeongnyun 4(sa)-ga","37.5823905","126.999806"
"213","11680108","논현동","Nonhyeon-dong","37.5138347","127.0317062"
"215","11290103","돈암동","Donam-dong","37.5971818","127.0178324"
"216","11500112","오곡동","Ogok-dong","37.5534112","126.7831642"
"221","11140169","의주로1가","Uijuro 1(il)-ga","37.5637065","126.9684915"
"227","11140137","필동1가","Pil-dong 1(il)-ga","37.561147","126.9924128"
"239","11110159","원남동","Wonnam-dong","37.575484","126.9976454"
"247","11140168","순화동","Sunhwa-dong","37.5623459","126.9708088"
"252","11110162","효제동","Hyoje-dong","37.5733424","127.0034706"
"260","11110165","이화동","Ihwa-dong","37.5773254","127.0054705"
"273","11110167","충신동","Chungsin-dong","37.574766","127.0059174"
"279","11140163","흥인동","Heungin-dong","37.5676493","127.0160091"
"285","11560113","당산동3가","Dangsan-dong 3(sam)-ga","37.526241","126.8974284"
"286","11530102","구로동","Guro-dong","37.4937929","126.8849584"
"289","11710105","석촌동","Seokchon-dong","37.502828","127.1041069"
"291","11545103","시흥동","Siheung-dong","37.4497033","126.9106965"
"292","11560117","당산동","Dangsan-dong","37.534892","126.9024679"
"293","11410119","북가좌동","Bukgajwa-dong","37.5791085","126.9117177"
"294","11560132","신길동","Singil-dong","37.5058261","126.9126514"
"295","11560131","양화동","Yanghwa-dong","37.5489947","126.8900753"
"296","11710109","장지동","Jangji-dong","37.4785724","127.1320169"
"297","11740110","강일동","Gangil-dong","37.5676689","127.1720391"
"200","11290117","동선동2가","Dongseon-dong 2(i)-ga","37.5900467","127.0197107"
"298","11500108","공항동","Gonghang-dong","37.5528356","126.8112163"
"229","11230108","회기동","Hoegi-dong","37.594437","127.0521251"
"230","11110119","세종로","Sejongno","37.5794898","126.9770085"
"231","11170109","청파동1가","Cheongpa-dong 1(il)-ga","37.5488937","126.9671721"
"232","11530106","고척동","Gocheok-dong","37.502438","126.8586172"
"233","11530108","오류동","Oryu-dong","37.4922507","126.8372029"
"234","11680111","세곡동","Segok-dong","37.4644483","127.1066379"
"235","11680112","자곡동","Jagok-dong","37.4766387","127.1001169"
"237","11530112","항동","Hang-dong","37.4810222","126.8236562"
"238","11545101","가산동","Gasan-dong","37.4754693","126.8842387"
"240","11230103","제기동","Jegi-dong","37.5847824","127.0368405"
"223","11200103","홍익동","Hongik-dong","37.5671038","127.0327203"
"224","11110180","교북동","Gyobuk-dong","37.5714262","126.9613042"
"225","11170110","청파동2가","Cheongpa-dong 2(i)-ga","37.5462385","126.9666851"
"236","11110113","필운동","Pirun-dong","37.5768799","126.967704"
"226","11530101","신도림동","Sindorim-dong","37.5105874","126.8830734"
"228","11530103","가리봉동","Garibong-dong","37.4830168","126.887363"
"242","11140174","만리동2가","Malli-dong 2(i)-ga","37.5542553","126.9643231"
"241","11110184","부암동","Buam-dong","37.5934957","126.9672852"
"243","11560127","양평동3가","Yangpyeong-dong 3(sam)-ga","37.5296813","126.8897889"
"248","11140143","장충동1가","Jangchung-dong 1(il)-ga","37.5610374","127.0076398"
"244","11410118","홍은동","Hongeun-dong","37.5933419","126.9395751"
"245","11710108","문정동","Munjeong-dong","37.4856663","127.1237432"
"249","11140145","광희동1가","Gwanghui-dong 1(il)-ga","37.5650378","127.0051836"
"246","11410120","남가좌동","Namgajwa-dong","37.5766943","126.9185075"
"250","11140146","광희동2가","Gwanghui-dong 2(i)-ga","37.5639442","127.0083467"
"251","11110160","연지동","Yeonji-dong","37.5737459","127.0001194"
"253","11110163","종로5가","Jongno 5(o)-ga","37.5707296","127.0033502"
"254","11110164","종로6가","Jongno 6(yuk)-ga","37.5722418","127.0072739"
"255","11110147","재동","Jae-dong","37.5781586","126.9852528"
"256","11215104","광장동","Gwangjang-dong","37.5477291","127.1042141"
"261","11410115","봉원동","Bongwon-dong","37.5726345","126.9472294"
"257","11350106","중계동","Junggye-dong","37.6508772","127.0775077"
"258","11110181","행촌동","Haengchon-dong","37.5744857","126.9626521"
"259","11110185","홍지동","Hongji-dong","37.6005798","126.956785"
"262","11110110","누하동","Nuha-dong","37.5793623","126.9680055"
"263","11140147","쌍림동","Ssangnim-dong","37.5637681","127.0045496"
"264","11140148","을지로6가","Euljiro 6(yuk)-ga","37.567505","127.0070795"
"265","11140151","을지로5가","Euljiro 5(o)-ga","37.5668186","127.0021802"
"266","11440106","토정동","Tojeong-dong","37.5388869","126.9396827"
"267","11140153","방산동","Bangsan-dong","37.5685483","127.0031304"
"268","11140154","오장동","Ojang-dong","37.5644435","127.0010469"
"269","11110186","신영동","Sinyeong-dong","37.6030533","126.9618054"
"270","11170104","갈월동","Garwol-dong","37.5449357","126.9730564"
"271","11440118","당인동","Dangin-dong","37.5447269","126.9194336"
"272","11110166","연건동","Yeongeon-dong","37.5784882","126.9996742"
"274","11110177","평동","Pyeong-dong","37.5676735","126.9668353"
"275","11110179","홍파동","Hongpa-dong","37.5711594","126.9641514"
"276","11140165","황학동","Hwanghak-dong","37.5685914","127.0204705"
"290","11290131","보문동2가","Bomun-dong 2(i)-ga","37.5858496","127.0183007"
"299","11500109","방화동","Banghwa-dong","37.5773667","126.814752"
"300","11500110","개화동","Gaehwa-dong","37.5865739","126.8031382"
"301","11560134","양평동","Yangpyeong-dong","37.5326108","126.8899608"
"302","11290133","정릉동","Jeongneung-dong","37.6167753","126.9983569"
"303","11500105","마곡동","Magok-dong","37.574112","126.8309811"
"311","11140160","인현동1가","Inhyeon-dong 1(il)-ga","37.5645365","126.9945521"
"318","11440116","하중동","Hajung-dong","37.5438506","126.9279703"
"319","11560106","영등포동5가","Yeongdeungpo-dong 5(o)-ga","37.5210399","126.9068175"
"326","11290126","보문동4가","Bomun-dong 4(sa)-ga","37.5829039","127.021382"
"329","11290127","보문동5가","Bomun-dong 5(o)-ga","37.5824037","127.0201558"
"330","11440125","성산동","Seongsan-dong","37.5662175","126.9039248"
"331","11620102","신림동","Sillim-dong","37.4630314","126.9347745"
"372","11290129","보문동7가","Bomun-dong 7(chil)-ga","37.5796096","127.0223212"
"375","11290130","보문동1가","Bomun-dong 1(il)-ga","37.5864995","127.0196089"
"377","11530107","개봉동","Gaebong-dong","37.4946532","126.8517611"
"378","11545102","독산동","Doksan-dong","37.4663645","126.8975779"
"379","11590102","상도동","Sangdo-dong","37.4996854","126.9455504"
"380","11290138","장위동","Jangwi-dong","37.6160358","127.0503365"
"381","11500104","가양동","Gayang-dong","37.567984","126.844436"
"383","11620101","봉천동","Bongcheon-dong","37.4750363","126.9490874"
"384","11500111","과해동","Gwahae-dong","37.5662169","126.7883549"
"386","11290102","성북동1가","Seongbuk-dong 1(il)-ga","37.5895393","127.0040328"
"393","11680105","삼성동","Samseong-dong","37.5147968","127.0550895"
"304","11230101","신설동","Sinseol-dong","37.5748049","127.0255929"
"305","11410107","옥천동","Okcheon-dong","37.5692019","126.9591256"
"306","11170103","용산동4가","Yongsan-dong 4(sa)-ga","37.5305892","126.9858834"
"307","11170106","용산동1가","Yongsan-dong 1(il)-ga","37.5402662","126.976971"
"308","11410113","대신동","Daesin-dong","37.5646453","126.9439073"
"309","11680103","개포동","Gaepo-dong","37.4824461","127.0627322"
"310","11140155","을지로3가","Euljiro 3(sam)-ga","37.5665987","126.9924032"
"312","11170133","서빙고동","Seobinggo-dong","37.5191265","126.991401"
"313","11215107","화양동","Hwayang-dong","37.5435023","127.0736981"
"336","11440113","구수동","Gusu-dong","37.5460069","126.932338"
"347","11710103","풍납동","Pungnap-dong","37.5335451","127.1132241"
"349","11560112","당산동2가","Dangsan-dong 2(i)-ga","37.5224645","126.8938151"
"361","11710114","마천동","Macheon-dong","37.497466","127.151561"
"367","11740105","길동","Gil-dong","37.5397058","127.1470066"
"277","11140166","서소문동","Seosomun-dong","37.5629167","126.9739582"
"278","11530111","천왕동","Cheonwang-dong","37.4801779","126.8394452"
"280","11350104","하계동","Hagye-dong","37.638495","127.071507"
"281","11170108","서계동","Seogye-dong","37.5526054","126.9665239"
"282","11110187","무악동","Muak-dong","37.5767914","126.9582275"
"283","11170116","청암동","Cheongam-dong","37.5342588","126.9468778"
"284","11560130","양평동6가","Yangpyeong-dong 6(yuk)-ga","37.5427197","126.8894307"
"287","11710112","오금동","Ogeum-dong","37.5037347","127.1339176"
"288","11200104","도선동","Doseon-dong","37.5634228","127.0332231"
"328","11680115","수서동","Suseo-dong","37.4855136","127.0984643"
"332","11440117","신정동","Sinjeong-dong","37.5432644","126.9306672"
"333","11560116","당산동6가","Dangsan-dong 6(yuk)-ga","37.5347504","126.9031693"
"334","11560125","양평동1가","Yangpyeong-dong 1(il)-ga","37.5231837","126.8886735"
"335","11290118","동선동3가","Dongseon-dong 3(sam)-ga","37.5941547","127.0204848"
"337","11680107","신사동","Sinsa-dong","37.522901","127.0246548"
"338","11290123","안암동3가","Anam-dong 3(sam)-ga","37.5839528","127.0236728"
"339","11560123","문래동5가","Mullae-dong 5(o)-ga","37.5163676","126.8835197"
"340","11560101","영등포동","Yeongdeungpo-dong","37.5134157","126.9067835"
"341","11380107","응암동","Eungam-dong","37.5926842","126.9257984"
"342","11710102","신천동","Sincheon-dong","37.5250784","127.0921991"
"343","11590106","동작동","Dongjak-dong","37.4999089","126.9736767"
"344","11590107","사당동","Sadang-dong","37.4851779","126.9717959"
"345","11290139","석관동","Seokgwan-dong","37.6079392","127.0611739"
"346","11500102","등촌동","Deungchon-dong","37.5519877","126.8527941"
"348","11560109","영등포동8가","Yeongdeungpo-dong 8(pal)-ga","37.5290851","126.9050149"
"314","11440123","망원동","Mangwon-dong","37.5559402","126.8999194"
"315","11110111","옥인동","Ogin-dong","37.5835524","126.9641935"
"316","11110112","체부동","Chebu-dong","37.5778624","126.9710381"
"317","11740108","성내동","Seongnae-dong","37.5304064","127.1288442"
"320","11560120","문래동2가","Mullae-dong 2(i)-ga","37.5127162","126.8935375"
"321","11560124","문래동6가","Mullae-dong 6(yuk)-ga","37.5200428","126.8841712"
"322","11560104","영등포동3가","Yeongdeungpo-dong 3(sam)-ga","37.5181304","126.9083998"
"323","11440103","신공덕동","Singongdeok-dong","37.5443996","126.9556064"
"324","11440104","도화동","Dohwa-dong","37.5395606","126.9506254"
"325","11710101","잠실동","Jamsil-dong","37.5111559","127.0858092"
"327","11680114","일원동","Irwon-dong","37.487919","127.0852156"
"354","11440109","염리동","Yeomni-dong","37.5492254","126.9472146"
"355","11740102","고덕동","Godeok-dong","37.5655385","127.1576823"
"356","11740106","둔촌동","Dunchon-dong","37.5289353","127.1467424"
"357","11560118","도림동","Dorim-dong","37.5082421","126.9015397"
"358","11740109","천호동","Cheonho-dong","37.5431857","127.1265643"
"359","11440120","서교동","Seogyo-dong","37.5536496","126.9200803"
"360","11290101","성북동","Seongbuk-dong","37.5963213","126.9925431"
"363","11740103","상일동","Sangil-dong","37.5508013","127.1698689"
"364","11440114","창전동","Changjeon-dong","37.5498986","126.9290709"
"365","11410114","신촌동","Sinchon-dong","37.5651557","126.9433451"
"366","11410117","연희동","Yeonhui-dong","37.5725293","126.9312648"
"368","11440110","노고산동","Nogosan-dong","37.5540256","126.9382447"
"369","11290120","동선동5가","Dongseon-dong 5(o)-ga","37.5963264","127.0168843"
"370","11290121","안암동1가","Anam-dong 1(il)-ga","37.5887176","127.0222897"
"350","11440101","아현동","Ahyeon-dong","37.554422","126.9559626"
"351","11560133","대림동","Daerim-dong","37.4970578","126.9009236"
"352","11710113","거여동","Geoyeo-dong","37.4893748","127.1470227"
"353","11440102","공덕동","Gongdeok-dong","37.5473874","126.9555575"
"362","11740101","명일동","Myeongil-dong","37.5485893","127.151755"
"411","11680110","압구정동","Apgujeong-dong","37.52883","127.0295045"
"414","11710104","송파동","Songpa-dong","37.5049182","127.1138534"
"420","11560102","영등포동1가","Yeongdeungpo-dong 1(il)-ga","37.517729","126.9126708"
"428","11560129","양평동5가","Yangpyeong-dong 5(o)-ga","37.5389197","126.8929394"
"431","11290106","동소문동3가","Dongsomun-dong 3(sam)-ga","37.5903924","127.0116169"
"436","11290115","삼선동5가","Samseon-dong 5(o)-ga","37.5885476","127.016002"
"443","11110109","누상동","Nusang-dong","37.5802364","126.9623723"
"446","11290108","동소문동5가","Dongsomun-dong 5(o)-ga","37.5915119","127.0150675"
"452","11290113","삼선동3가","Samseon-dong 3(sam)-ga","37.5867502","127.0134419"
"458","11380109","신사동","Sinsa-dong","37.5959208","126.9074632"
"463","11290105","동소문동2가","Dongsomun-dong 2(i)-ga","37.5888166","127.0081299"
"397","11710107","가락동","Garak-dong","37.4942803","127.1176311"
"398","11440111","신수동","Sinsu-dong","37.5480088","126.9372619"
"399","11560119","문래동1가","Mullae-dong 1(il)-ga","37.5118742","126.8975738"
"400","11560115","당산동5가","Dangsan-dong 5(o)-ga","37.5321286","126.90101"
"401","11560107","영등포동6가","Yeongdeungpo-dong 6(yuk)-ga","37.5222528","126.9030388"
"402","11560108","영등포동7가","Yeongdeungpo-dong 7(chil)-ga","37.5242607","126.9071884"
"403","11710106","삼전동","Samjeon-dong","37.5018103","127.0897698"
"404","11440126","중동","Jung-dong","37.5716735","126.9067456"
"405","11560105","영등포동4가","Yeongdeungpo-dong 4(sa)-ga","37.517862","126.9038985"
"406","11620103","남현동","Namhyeon-dong","37.4630565","126.9776244"
"407","11440124","연남동","Yeonnam-dong","37.5626693","126.9223734"
"408","11440121","동교동","Donggyo-dong","37.5580953","126.9258049"
"409","11440122","합정동","Hapjeong-dong","37.5478042","126.9079929"
"371","11290128","보문동6가","Bomun-dong 6(yuk)-ga","37.5806329","127.0192949"
"373","11290132","보문동3가","Bomun-dong 3(sam)-ga","37.584334","127.016517"
"374","11290124","안암동4가","Anam-dong 4(sa)-ga","37.5805404","127.0246072"
"376","11680101","역삼동","Yeoksam-dong","37.4998676","127.0386901"
"382","11560126","양평동2가","Yangpyeong-dong 2(i)-ga","37.5233387","126.8839345"
"385","11380106","대조동","Daejo-dong","37.6126506","126.9243912"
"387","11290107","동소문동4가","Dongsomun-dong 4(sa)-ga","37.5918678","127.0106029"
"388","11290114","삼선동4가","Samseon-dong 4(sa)-ga","37.5898185","127.013353"
"389","11680118","도곡동","Dogok-dong","37.4881299","127.0440333"
"390","11560103","영등포동2가","Yeongdeungpo-dong 2(i)-ga","37.5208906","126.9126698"
"391","11440115","상수동","Sangsu-dong","37.5470257","126.9243736"
"392","11740107","암사동","Amsa-dong","37.5577912","127.1295091"
"394","11680106","대치동","Daechi-dong","37.4989487","127.0646582"
"395","11290119","동선동4가","Dongseon-dong 4(sa)-ga","37.5951321","127.0188307"
"396","11680113","율현동","Yulhyeon-dong","37.4717408","127.1114701"
"421","11440127","상암동","Sangam-dong","37.5715459","126.877877"
"422","11470103","신월동","Sinwol-dong","37.5290519","126.8370637"
"423","11560111","당산동1가","Dangsan-dong 1(il)-ga","37.5214443","126.898537"
"424","11590101","노량진동","Noryangjin-dong","37.5115","126.9415118"
"425","11590103","상도1동","Sangdo 1(il)-dong","37.5032399","126.9498621"
"426","11290112","삼선동2가","Samseon-dong 2(i)-ga","37.5848587","127.0118856"
"427","11440108","대흥동","Daeheung-dong","37.5498968","126.9427567"
"429","11560121","문래동3가","Mullae-dong 3(sam)-ga","37.5171092","126.8959575"
"430","11560128","양평동4가","Yangpyeong-dong 4(sa)-ga","37.536431","126.8962332"
"432","11290134","길음동","Gireum-dong","37.6084879","127.0223924"
"433","11560114","당산동4가","Dangsan-dong 4(sa)-ga","37.5291366","126.8991344"
"438","11590104","본동","Bon-dong","37.5124878","126.9551132"
"434","11500107","외발산동","Oebalsan-dong","37.5495179","126.8203066"
"435","11590105","흑석동","Heukseok-dong","37.5052783","126.9638232"
"437","11500106","내발산동","Naebalsan-dong","37.5536081","126.8346843"
"410","11560110","여의도동","Yeouido-dong","37.5284328","126.9273753"
"412","11380101","수색동","Susaek-dong","37.5849864","126.8928476"
"413","11290104","동소문동1가","Dongsomun-dong 1(il)-ga","37.5901376","127.007256"
"415","11290122","안암동2가","Anam-dong 2(i)-ga","37.5868415","127.0232695"
"418","11290111","삼선동1가","Samseon-dong 1(il)-ga","37.5843841","127.0075165"
"416","11500101","염창동","Yeomchang-dong","37.5559718","126.8712408"
"417","11530109","궁동","Gung-dong","37.5009522","126.8286614"
"419","11290135","종암동","Jongam-dong","37.596525","127.0332811"
"448","11380104","갈현동","Galhyeon-dong","37.6210985","126.9132641"
"449","11530110","온수동","Onsu-dong","37.4936808","126.8204193"
"450","11380102","녹번동","Nokbeon-dong","37.6041196","126.9344912"
"451","11380103","불광동","Bulgwang-dong","37.6191932","126.935134"
"453","11680104","청담동","Cheongdam-dong","37.5255867","127.0522746"
"454","11290116","동선동1가","Dongseon-dong 1(il)-ga","37.5924569","127.0182087"
"455","11380110","증산동","Jeungsan-dong","37.583179","126.9061068"
"456","11380105","구산동","Gusan-dong","37.6122006","126.9088192"
"457","11380108","역촌동","Yeokchon-dong","37.60508","126.9121446"
"459","11290110","동소문동7가","Dongsomun-dong 7(chil)-ga","37.5963137","127.0142973"
"460","11410116","창천동","Changcheon-dong","37.558812","126.934147"
"461","11290136","하월곡동","Hawolgok-dong","37.6041679","127.0378885"
"462","11290137","상월곡동","Sangwolgok-dong","37.6060556","127.0475388"
"464","11170107","동자동","Dongja-dong","37.5515203","126.9729154"
"465","11710111","방이동","Bangi-dong","37.5163579","127.1260688"
"466","11200106","사근동","Sageun-dong","37.5589469","127.046752"
"467","11305103","수유동","Suyu-dong","37.6371315","127.007544"
"439","11500103","화곡동","Hwagok-dong","37.5421699","126.8468431"
"440","11590108","대방동","Daebang-dong","37.5067515","126.9277454"
"441","11590109","신대방동","Sindaebang-dong","37.4921384","126.9166599"
"442","11290125","안암동5가","Anam-dong 5(o)-ga","37.5884384","127.0295868"
"447","11290109","동소문동6가","Dongsomun-dong 6(yuk)-ga","37.5936325","127.0140286"
"444","11380114","진관동","Jingwan-dong","37.6422519","126.934085"
"445","11500113","오쇠동","Osoe-dong","37.5435569","126.7978763"